agua	admin	emboss	6.4.0.0	/aguadev/apps/emboss	aaindexextract	extract	bin/aaindexextract	0		Extract amino acid property data from AAINDEX		http://www.ebi.ac.uk/Tools/emboss	http://emboss.sourceforge.net/apps/release/6.4/emboss/apps/aaindexextract.html
agua	admin	emboss	6.4.0.0	/aguadev/apps/emboss	abiview	display	bin/abiview	0		Display the trace in an ABI sequencer file		http://www.ebi.ac.uk/Tools/emboss	http://emboss.sourceforge.net/apps/release/6.4/emboss/apps/abiview.html
agua	admin	emboss		/aguadev/apps/emboss	acdc	verify	bin/acdc	0		1			
agua	admin	emboss		/aguadev/apps/emboss	acdpretty	convert	bin/acdpretty	0		1			
agua	admin	emboss		/aguadev/apps/emboss	acdtable	convert	bin/acdtable	0		1			
agua	admin	emboss		/aguadev/apps/emboss	acdtrace	verify	bin/acdtrace	0		1			
agua	admin	emboss		/aguadev/apps/emboss	acdvalid	verify	bin/acdvalid	0		1			
agua	admin	emboss	6.4.0.0	/aguadev/apps/emboss	aligncopy	alignment	bin/aligncopy	0		Reads and writes alignments		http://www.ebi.ac.uk/Tools/emboss	http://emboss.sourceforge.net/apps/release/6.4/emboss/apps/aligncopy.html
agua	admin	emboss	6.4.0.0	/aguadev/apps/emboss	aligncopypair	alignment	bin/aligncopypair	0		Reads and writes pairs from alignments		http://www.ebi.ac.uk/Tools/emboss	http://emboss.sourceforge.net/apps/release/6.4/emboss/apps/aligncopypair.html
agua	admin	emboss	6.4.0.0	/aguadev/apps/emboss	antigenic	protein	bin/antigenic	0		Finds antigenic sites in proteins		http://www.ebi.ac.uk/Tools/emboss	http://emboss.sourceforge.net/apps/release/6.4/emboss/apps/antigenic.html
agua	admin	emboss	6.4.0.0	/aguadev/apps/emboss	backtranambig	translate	bin/backtranambig	0		Back-translate a protein sequence to ambiguous nucleotide sequence		http://www.ebi.ac.uk/Tools/emboss	http://emboss.sourceforge.net/apps/release/6.4/emboss/apps/backtranambig.html
agua	admin	emboss	6.4.0.0	/aguadev/apps/emboss	backtranseq	translate	bin/backtranseq	0		Back-translate a protein sequence to a nucleotide sequence		http://www.ebi.ac.uk/Tools/emboss	http://emboss.sourceforge.net/apps/release/6.4/emboss/apps/backtranseq.html
agua	admin	emboss	6.4.0.0	/aguadev/apps/emboss	banana	structure	bin/banana	0		Plot bending and curvature data for B-DNA		http://www.ebi.ac.uk/Tools/emboss	http://emboss.sourceforge.net/apps/release/6.4/emboss/apps/banana.html
agua	admin	emboss	6.4.0.0	/aguadev/apps/emboss	biosed	transform	bin/biosed	0		Replace or delete sequence sections		http://www.ebi.ac.uk/Tools/emboss	http://emboss.sourceforge.net/apps/release/6.4/emboss/apps/biosed.html
agua	admin	emboss	6.4.0.0	/aguadev/apps/emboss	btwisted	structure	bin/btwisted	0		Calculate the twisting in a B-DNA sequence		http://www.ebi.ac.uk/Tools/emboss	http://emboss.sourceforge.net/apps/release/6.4/emboss/apps/btwisted.html
agua	admin	emboss	6.4.0.0	/aguadev/apps/emboss	cachedas	server	bin/cachedas	0		Generates server cache file for DAS servers or for the DAS registry		http://www.ebi.ac.uk/Tools/emboss	http://emboss.sourceforge.net/apps/release/6.4/emboss/apps/cachedas.html
agua	admin	emboss	6.4.0.0	/aguadev/apps/emboss	cachedbfetch	server	bin/cachedbfetch	0		Generates server cache file for Dbfetch/WSDbfetch data sources		http://www.ebi.ac.uk/Tools/emboss	http://emboss.sourceforge.net/apps/release/6.4/emboss/apps/cachedbfetch.html
agua	admin	emboss	6.4.0.0	/aguadev/apps/emboss	cacheebeyesearch	server	bin/cacheebeyesearch	0		Generates server cache file for EB-eye search domains		http://www.ebi.ac.uk/Tools/emboss	http://emboss.sourceforge.net/apps/release/6.4/emboss/apps/cacheebeyesearch.html
agua	admin	emboss	6.4.0.0	/aguadev/apps/emboss	cacheensembl	server	bin/cacheensembl	0		Generates server cache file for an Ensembl server		http://www.ebi.ac.uk/Tools/emboss	http://emboss.sourceforge.net/apps/release/6.4/emboss/apps/cacheensembl.html
agua	admin	emboss	6.4.0.0	/aguadev/apps/emboss	cai	codon	bin/cai	0		Calculate codon adaptation index		http://www.ebi.ac.uk/Tools/emboss	http://emboss.sourceforge.net/apps/release/6.4/emboss/apps/cai.html
agua	admin	emboss	6.4.0.0	/aguadev/apps/emboss	chaos	sequence	bin/chaos	0		Draw a chaos game representation plot for a nucleotide sequence		http://www.ebi.ac.uk/Tools/emboss	http://emboss.sourceforge.net/apps/release/6.4/emboss/apps/chaos.html
agua	admin	emboss	6.4.0.0	/aguadev/apps/emboss	charge	protein	bin/charge	0		Draw a protein charge plot		http://www.ebi.ac.uk/Tools/emboss	http://emboss.sourceforge.net/apps/release/6.4/emboss/apps/charge.html
agua	admin	emboss	6.4.0.0	/aguadev/apps/emboss	checktrans	codon	bin/checktrans	0		Reports STOP codons and ORF statistics of a protein		http://www.ebi.ac.uk/Tools/emboss	http://emboss.sourceforge.net/apps/release/6.4/emboss/apps/checktrans.html
agua	admin	emboss	6.4.0.0	/aguadev/apps/emboss	chips	codon	bin/chips	0		Calculates Nc codon usage statistic		http://www.ebi.ac.uk/Tools/emboss	http://emboss.sourceforge.net/apps/release/6.4/emboss/apps/chips.html
agua	admin	emboss	6.4.0.0	/aguadev/apps/emboss	cirdna	display	bin/cirdna	0		Draws circular maps of DNA constructs		http://www.ebi.ac.uk/Tools/emboss	http://emboss.sourceforge.net/apps/release/6.4/emboss/apps/cirdna.html
agua	admin	emboss	6.4.0.0	/aguadev/apps/emboss	codcmp	codon	bin/codcmp	0		Codon usage table comparison		http://www.ebi.ac.uk/Tools/emboss	http://emboss.sourceforge.net/apps/release/6.4/emboss/apps/codcmp.html
agua	admin	emboss	6.4.0.0	/aguadev/apps/emboss	codcopy	codon	bin/codcopy	0		Copy and reformat a codon usage table		http://www.ebi.ac.uk/Tools/emboss	http://emboss.sourceforge.net/apps/release/6.4/emboss/apps/codcopy.html
agua	admin	emboss	6.4.0.0	/aguadev/apps/emboss	coderet	translate	bin/coderet	0		Extract CDS, mRNA and translations from feature tables		http://www.ebi.ac.uk/Tools/emboss	http://emboss.sourceforge.net/apps/release/6.4/emboss/apps/coderet.html
agua	admin	emboss	6.4.0.0	/aguadev/apps/emboss	compseq	sequence	bin/compseq	0		Calculate the composition of unique words in sequences		http://www.ebi.ac.uk/Tools/emboss	http://emboss.sourceforge.net/apps/release/6.4/emboss/apps/compseq.html
agua	admin	emboss	6.4.0.0	/aguadev/apps/emboss	cons	alignment	bin/cons	0		Create a consensus sequence from a multiple alignment		http://www.ebi.ac.uk/Tools/emboss	http://emboss.sourceforge.net/apps/release/6.4/emboss/apps/cons.html
agua	admin	emboss	6.4.0.0	/aguadev/apps/emboss	consambig	alignment	bin/consambig	0		Create an ambiguous consensus sequence from a multiple alignment		http://www.ebi.ac.uk/Tools/emboss	http://emboss.sourceforge.net/apps/release/6.4/emboss/apps/consambig.html
agua	admin	emboss	6.4.0.0	/aguadev/apps/emboss	cpgplot	sequence	bin/cpgplot	0		Identify and plot CpG islands in nucleotide sequence(s)		http://www.ebi.ac.uk/Tools/emboss	http://emboss.sourceforge.net/apps/release/6.4/emboss/apps/cpgplot.html
agua	admin	emboss	6.4.0.0	/aguadev/apps/emboss	cpgreport	sequence	bin/cpgreport	0		Identify and report CpG-rich regions in nucleotide sequence(s)		http://www.ebi.ac.uk/Tools/emboss	http://emboss.sourceforge.net/apps/release/6.4/emboss/apps/cpgreport.html
agua	admin	emboss	6.4.0.0	/aguadev/apps/emboss	cusp	codon	bin/cusp	0		Create a codon usage table from nucleotide sequence(s)		http://www.ebi.ac.uk/Tools/emboss	http://emboss.sourceforge.net/apps/release/6.4/emboss/apps/cusp.html
agua	admin	emboss	6.4.0.0	/aguadev/apps/emboss	cutgextract	codon	bin/cutgextract	0		Extract codon usage tables from CUTG database		http://www.ebi.ac.uk/Tools/emboss	http://emboss.sourceforge.net/apps/release/6.4/emboss/apps/cutgextract.html
agua	admin	emboss	6.4.0.0	/aguadev/apps/emboss	cutseq	transform	bin/cutseq	0		Removes a section from a sequence		http://www.ebi.ac.uk/Tools/emboss	http://emboss.sourceforge.net/apps/release/6.4/emboss/apps/cutseq.html
agua	admin	emboss	6.4.0.0	/aguadev/apps/emboss	dan	nucleotide	bin/dan	0		Calculates nucleic acid melting temperature		http://www.ebi.ac.uk/Tools/emboss	http://emboss.sourceforge.net/apps/release/6.4/emboss/apps/dan.html
agua	admin	emboss	6.4.0.0	/aguadev/apps/emboss	dbiblast	index	bin/dbiblast	0		Index a BLAST database		http://www.ebi.ac.uk/Tools/emboss	http://emboss.sourceforge.net/apps/release/6.4/emboss/apps/dbiblast.html
agua	admin	emboss	6.4.0.0	/aguadev/apps/emboss	dbifasta	index	bin/dbifasta	0		Index a fasta file database		http://www.ebi.ac.uk/Tools/emboss	http://emboss.sourceforge.net/apps/release/6.4/emboss/apps/dbifasta.html
agua	admin	emboss	6.4.0.0	/aguadev/apps/emboss	dbiflat	index	bin/dbiflat	0		Index a flat file database		http://www.ebi.ac.uk/Tools/emboss	http://emboss.sourceforge.net/apps/release/6.4/emboss/apps/dbiflat.html
agua	admin	emboss	6.4.0.0	/aguadev/apps/emboss	dbigcg	index	bin/dbigcg	0		Index a GCG formatted database		http://www.ebi.ac.uk/Tools/emboss	http://emboss.sourceforge.net/apps/release/6.4/emboss/apps/dbigcg.html
agua	admin	emboss	6.4.0.0	/aguadev/apps/emboss	dbtell	display	bin/dbtell	0		Display information about a public database		http://www.ebi.ac.uk/Tools/emboss	http://emboss.sourceforge.net/apps/release/6.4/emboss/apps/dbtell.html
agua	admin	emboss	6.4.0.0	/aguadev/apps/emboss	dbxcompress	index	bin/dbxcompress	0		Compress an uncompressed dbx index		http://www.ebi.ac.uk/Tools/emboss	http://emboss.sourceforge.net/apps/release/6.4/emboss/apps/dbxcompress.html
agua	admin	emboss	6.4.0.0	/aguadev/apps/emboss	dbxedam	index	bin/dbxedam	0		Index the EDAM ontology using b+tree indices		http://www.ebi.ac.uk/Tools/emboss	http://emboss.sourceforge.net/apps/release/6.4/emboss/apps/dbxedam.html
agua	admin	emboss	6.4.0.0	/aguadev/apps/emboss	dbxfasta	index	bin/dbxfasta	0		Index a fasta file database using b+tree indices		http://www.ebi.ac.uk/Tools/emboss	http://emboss.sourceforge.net/apps/release/6.4/emboss/apps/dbxfasta.html
agua	admin	emboss	6.4.0.0	/aguadev/apps/emboss	dbxflat	index	bin/dbxflat	0		Index a flat file database using b+tree indices		http://www.ebi.ac.uk/Tools/emboss	http://emboss.sourceforge.net/apps/release/6.4/emboss/apps/dbxflat.html
agua	admin	emboss	6.4.0.0	/aguadev/apps/emboss	dbxgcg	index	bin/dbxgcg	0		Index a GCG formatted database using b+tree indices		http://www.ebi.ac.uk/Tools/emboss	http://emboss.sourceforge.net/apps/release/6.4/emboss/apps/dbxgcg.html
agua	admin	emboss	6.4.0.0	/aguadev/apps/emboss	dbxobo	index	bin/dbxobo	0		Index an obo ontology using b+tree indices		http://www.ebi.ac.uk/Tools/emboss	http://emboss.sourceforge.net/apps/release/6.4/emboss/apps/dbxobo.html
agua	admin	emboss	6.4.0.0	/aguadev/apps/emboss	dbxreport	index	bin/dbxreport	0		Validate index and report internals for dbx databases		http://www.ebi.ac.uk/Tools/emboss	http://emboss.sourceforge.net/apps/release/6.4/emboss/apps/dbxreport.html
agua	admin	emboss	6.4.0.0	/aguadev/apps/emboss	dbxresource	index	bin/dbxresource	0		Index a data resource catalogue using b+tree indices		http://www.ebi.ac.uk/Tools/emboss	http://emboss.sourceforge.net/apps/release/6.4/emboss/apps/dbxresource.html
agua	admin	emboss	6.4.0.0	/aguadev/apps/emboss	dbxstat	index	bin/dbxstat	0		Dump statistics for dbx databases		http://www.ebi.ac.uk/Tools/emboss	http://emboss.sourceforge.net/apps/release/6.4/emboss/apps/dbxstat.html
agua	admin	emboss	6.4.0.0	/aguadev/apps/emboss	dbxtax	index	bin/dbxtax	0		Index NCBI taxonomy using b+tree indices		http://www.ebi.ac.uk/Tools/emboss	http://emboss.sourceforge.net/apps/release/6.4/emboss/apps/dbxtax.html
agua	admin	emboss	6.4.0.0	/aguadev/apps/emboss	dbxuncompress	index	bin/dbxuncompress	0		Uncompress a compressed dbx index		http://www.ebi.ac.uk/Tools/emboss	http://emboss.sourceforge.net/apps/release/6.4/emboss/apps/dbxuncompress.html
agua	admin	emboss	6.4.0.0	/aguadev/apps/emboss	degapseq	transform	bin/degapseq	0		Removes non-alphabetic (e.g. gap) characters from sequences		http://www.ebi.ac.uk/Tools/emboss	http://emboss.sourceforge.net/apps/release/6.4/emboss/apps/degapseq.html
agua	admin	emboss	6.4.0.0	/aguadev/apps/emboss	density	nucleotide	bin/density	0		Draw a nucleic acid density plot		http://www.ebi.ac.uk/Tools/emboss	http://emboss.sourceforge.net/apps/release/6.4/emboss/apps/density.html
agua	admin	emboss	6.4.0.0	/aguadev/apps/emboss	descseq	transform	bin/descseq	0		Alter the name or description of a sequence.		http://www.ebi.ac.uk/Tools/emboss	http://emboss.sourceforge.net/apps/release/6.4/emboss/apps/descseq.html
agua	admin	emboss	6.4.0.0	/aguadev/apps/emboss	diffseq	sequence	bin/diffseq	0		Compare and report features of two similar sequences		http://www.ebi.ac.uk/Tools/emboss	http://emboss.sourceforge.net/apps/release/6.4/emboss/apps/diffseq.html
agua	admin	emboss	6.4.0.0	/aguadev/apps/emboss	distmat	alignment	bin/distmat	0		Create a distance matrix from a multiple sequence alignment		http://www.ebi.ac.uk/Tools/emboss	http://emboss.sourceforge.net/apps/release/6.4/emboss/apps/distmat.html
agua	admin	emboss	6.4.0.0	/aguadev/apps/emboss	dotmatcher	display	bin/dotmatcher	0		Draw a threshold dotplot of two sequences		http://www.ebi.ac.uk/Tools/emboss	http://emboss.sourceforge.net/apps/release/6.4/emboss/apps/dotmatcher.html
agua	admin	emboss	6.4.0.0	/aguadev/apps/emboss	dotpath	display	bin/dotpath	0		Draw a non-overlapping wordmatch dotplot of two sequences		http://www.ebi.ac.uk/Tools/emboss	http://emboss.sourceforge.net/apps/release/6.4/emboss/apps/dotpath.html
agua	admin	emboss	6.4.0.0	/aguadev/apps/emboss	dottup	display	bin/dottup	0		Displays a wordmatch dotplot of two sequences		http://www.ebi.ac.uk/Tools/emboss	http://emboss.sourceforge.net/apps/release/6.4/emboss/apps/dottup.html
agua	admin	emboss	6.4.0.0	/aguadev/apps/emboss	dreg	pattern	bin/dreg	0		Regular expression search of nucleotide sequence(s)		http://www.ebi.ac.uk/Tools/emboss	http://emboss.sourceforge.net/apps/release/6.4/emboss/apps/dreg.html
agua	admin	emboss	6.4.0.0	/aguadev/apps/emboss	drfinddata	database	bin/drfinddata	0		Find public databases by data type		http://www.ebi.ac.uk/Tools/emboss	http://emboss.sourceforge.net/apps/release/6.4/emboss/apps/drfinddata.html
agua	admin	emboss	6.4.0.0	/aguadev/apps/emboss	drfindformat	database	bin/drfindformat	0		Find public databases by format		http://www.ebi.ac.uk/Tools/emboss	http://emboss.sourceforge.net/apps/release/6.4/emboss/apps/drfindformat.html
agua	admin	emboss	6.4.0.0	/aguadev/apps/emboss	drfindid	database	bin/drfindid	0		Find public databases by identifier		http://www.ebi.ac.uk/Tools/emboss	http://emboss.sourceforge.net/apps/release/6.4/emboss/apps/drfindid.html
agua	admin	emboss	6.4.0.0	/aguadev/apps/emboss	drfindresource	database	bin/drfindresource	0		Find public databases by resource		http://www.ebi.ac.uk/Tools/emboss	http://emboss.sourceforge.net/apps/release/6.4/emboss/apps/drfindresource.html
agua	admin	emboss	6.4.0.0	/aguadev/apps/emboss	drget	database	bin/drget	0		Get data resource entries		http://www.ebi.ac.uk/Tools/emboss	http://emboss.sourceforge.net/apps/release/6.4/emboss/apps/drget.html
agua	admin	emboss	6.4.0.0	/aguadev/apps/emboss	drtext	database	bin/drtext	0		Get data resource entries complete text		http://www.ebi.ac.uk/Tools/emboss	http://emboss.sourceforge.net/apps/release/6.4/emboss/apps/drtext.html
agua	admin	emboss	6.4.0.0	/aguadev/apps/emboss	edamdef	EDAM	bin/edamdef	0		Find EDAM ontology terms by definition		http://www.ebi.ac.uk/Tools/emboss	http://emboss.sourceforge.net/apps/release/6.4/emboss/apps/edamdef.html
agua	admin	emboss	6.4.0.0	/aguadev/apps/emboss	edamhasinput	EDAM	bin/edamhasinput	0		Find EDAM ontology terms by has_input relation		http://www.ebi.ac.uk/Tools/emboss	http://emboss.sourceforge.net/apps/release/6.4/emboss/apps/edamhasinput.html
agua	admin	emboss	6.4.0.0	/aguadev/apps/emboss	edamhasoutput	EDAM	bin/edamhasoutput	0		Find EDAM ontology terms by has_output relation		http://www.ebi.ac.uk/Tools/emboss	http://emboss.sourceforge.net/apps/release/6.4/emboss/apps/edamhasoutput.html
agua	admin	emboss	6.4.0.0	/aguadev/apps/emboss	edamisformat	EDAM	bin/edamisformat	0		Find EDAM ontology terms by is_format_of relation		http://www.ebi.ac.uk/Tools/emboss	http://emboss.sourceforge.net/apps/release/6.4/emboss/apps/edamisformat.html
agua	admin	emboss	6.4.0.0	/aguadev/apps/emboss	edamisid	EDAM	bin/edamisid	0		Find EDAM ontology terms by is_identifier_of relation		http://www.ebi.ac.uk/Tools/emboss	http://emboss.sourceforge.net/apps/release/6.4/emboss/apps/edamisid.html
agua	admin	emboss	6.4.0.0	/aguadev/apps/emboss	edamname	EDAM	bin/edamname	0		Find EDAM ontology terms by name		http://www.ebi.ac.uk/Tools/emboss	http://emboss.sourceforge.net/apps/release/6.4/emboss/apps/edamname.html
agua	admin	emboss	6.4.0.0	/aguadev/apps/emboss	edialign	alignment	bin/edialign	0		Local multiple alignment of sequences		http://www.ebi.ac.uk/Tools/emboss	http://emboss.sourceforge.net/apps/release/6.4/emboss/apps/edialign.html
agua	admin	emboss	6.4.0.0	/aguadev/apps/emboss	einverted	repeat	bin/einverted	0		Finds inverted repeats in nucleotide sequences		http://www.ebi.ac.uk/Tools/emboss	http://emboss.sourceforge.net/apps/release/6.4/emboss/apps/einverted.html
agua	admin	emboss	6.4.0.0	/aguadev/apps/emboss	embossdata	database	bin/embossdata	0		Find and retrieve EMBOSS data files		http://www.ebi.ac.uk/Tools/emboss	http://emboss.sourceforge.net/apps/release/6.4/emboss/apps/embossdata.html
agua	admin	emboss	6.4.0.0	/aguadev/apps/emboss	embossversion	database	bin/embossversion	0		Reports the current EMBOSS version number		http://www.ebi.ac.uk/Tools/emboss	http://emboss.sourceforge.net/apps/release/6.4/emboss/apps/embossversion.html
agua	admin	emboss	6.4.0.0	/aguadev/apps/emboss	emma	alignment	bin/emma	0		Multiple sequence alignment (ClustalW wrapper)		http://www.ebi.ac.uk/Tools/emboss	http://emboss.sourceforge.net/apps/release/6.4/emboss/apps/emma.html
agua	admin	emboss	6.4.0.0	/aguadev/apps/emboss	emowse	protein	bin/emowse	0		Search protein sequences by digest fragment molecular weight		http://www.ebi.ac.uk/Tools/emboss	http://emboss.sourceforge.net/apps/release/6.4/emboss/apps/emowse.html
agua	admin	emboss	6.4.0.0	/aguadev/apps/emboss	entret	database	bin/entret	0		Retrieves sequence entries from flatfile databases and files		http://www.ebi.ac.uk/Tools/emboss	http://emboss.sourceforge.net/apps/release/6.4/emboss/apps/entret.html
agua	admin	emboss	6.4.0.0	/aguadev/apps/emboss	epestfind	motif	bin/epestfind	0		Finds PEST motifs as potential proteolytic cleavage sites		http://www.ebi.ac.uk/Tools/emboss	http://emboss.sourceforge.net/apps/release/6.4/emboss/apps/epestfind.html
agua	admin	emboss	6.4.0.0	/aguadev/apps/emboss	eprimer3	PCR	bin/eprimer3	0		Picks PCR primers and hybridization oligos		http://www.ebi.ac.uk/Tools/emboss	http://emboss.sourceforge.net/apps/release/6.4/emboss/apps/eprimer3.html
agua	admin	emboss	6.4.0.0	/aguadev/apps/emboss	eprimer32	PCR	bin/eprimer32	0		Picks PCR primers and hybridization oligos		http://www.ebi.ac.uk/Tools/emboss	http://emboss.sourceforge.net/apps/release/6.4/emboss/apps/eprimer32.html
agua	admin	emboss	6.4.0.0	/aguadev/apps/emboss	equicktandem	repeat	bin/equicktandem	0		Finds tandem repeats in nucleotide sequences		http://www.ebi.ac.uk/Tools/emboss	http://emboss.sourceforge.net/apps/release/6.4/emboss/apps/equicktandem.html
agua	admin	emboss	6.4.0.0	/aguadev/apps/emboss	est2genome	repeat	bin/est2genome	0		Align EST sequences to genomic DNA sequence		http://www.ebi.ac.uk/Tools/emboss	http://emboss.sourceforge.net/apps/release/6.4/emboss/apps/est2genome.html
agua	admin	emboss	6.4.0.0	/aguadev/apps/emboss	etandem	repeat	bin/etandem	0		Finds tandem repeats in a nucleotide sequence		http://www.ebi.ac.uk/Tools/emboss	http://emboss.sourceforge.net/apps/release/6.4/emboss/apps/etandem.html
agua	admin	emboss	6.4.0.0	/aguadev/apps/emboss	extractalign	extract	bin/extractalign	0		Extract regions from a sequence alignment		http://www.ebi.ac.uk/Tools/emboss	http://emboss.sourceforge.net/apps/release/6.4/emboss/apps/extractalign.html
agua	admin	emboss	6.4.0.0	/aguadev/apps/emboss	extractfeat	extract	bin/extractfeat	0		Extract features from sequence(s)		http://www.ebi.ac.uk/Tools/emboss	http://emboss.sourceforge.net/apps/release/6.4/emboss/apps/extractfeat.html
agua	admin	emboss	6.4.0.0	/aguadev/apps/emboss	extractseq	extract	bin/extractseq	0		Extract regions from a sequence		http://www.ebi.ac.uk/Tools/emboss	http://emboss.sourceforge.net/apps/release/6.4/emboss/apps/extractseq.html
agua	admin	emboss	6.4.0.0	/aguadev/apps/emboss	featcopy	feature	bin/featcopy	0		Reads and writes a feature table		http://www.ebi.ac.uk/Tools/emboss	http://emboss.sourceforge.net/apps/release/6.4/emboss/apps/featcopy.html
agua	admin	emboss	6.4.0.0	/aguadev/apps/emboss	featreport	feature	bin/featreport	0		Reads and writes a feature table		http://www.ebi.ac.uk/Tools/emboss	http://emboss.sourceforge.net/apps/release/6.4/emboss/apps/featreport.html
agua	admin	emboss	6.4.0.0	/aguadev/apps/emboss	feattext	feature	bin/feattext	0		Return a feature table original text		http://www.ebi.ac.uk/Tools/emboss	http://emboss.sourceforge.net/apps/release/6.4/emboss/apps/feattext.html
agua	admin	emboss	6.4.0.0	/aguadev/apps/emboss	findkm	reaction	bin/findkm	0		Calculate and plot enzyme reaction data		http://www.ebi.ac.uk/Tools/emboss	http://emboss.sourceforge.net/apps/release/6.4/emboss/apps/findkm.html
agua	admin	emboss	6.4.0.0	/aguadev/apps/emboss	freak	display	bin/freak	0		Generate residue/base frequency table or plot		http://www.ebi.ac.uk/Tools/emboss	http://emboss.sourceforge.net/apps/release/6.4/emboss/apps/freak.html
agua	admin	emboss	6.4.0.0	/aguadev/apps/emboss	fuzznuc	pattern	bin/fuzznuc	0		Search for patterns in nucleotide sequences		http://www.ebi.ac.uk/Tools/emboss	http://emboss.sourceforge.net/apps/release/6.4/emboss/apps/fuzznuc.html
agua	admin	emboss	6.4.0.0	/aguadev/apps/emboss	fuzzpro	pattern	bin/fuzzpro	0		Search for patterns in protein sequences		http://www.ebi.ac.uk/Tools/emboss	http://emboss.sourceforge.net/apps/release/6.4/emboss/apps/fuzzpro.html
agua	admin	emboss	6.4.0.0	/aguadev/apps/emboss	fuzztran	pattern	bin/fuzztran	0		Search for patterns in protein sequences (translated)		http://www.ebi.ac.uk/Tools/emboss	http://emboss.sourceforge.net/apps/release/6.4/emboss/apps/fuzztran.html
agua	admin	emboss	6.4.0.0	/aguadev/apps/emboss	garnier	protein	bin/garnier	0		Predicts protein secondary structure using GOR method		http://www.ebi.ac.uk/Tools/emboss	http://emboss.sourceforge.net/apps/release/6.4/emboss/apps/garnier.html
agua	admin	emboss	6.4.0.0	/aguadev/apps/emboss	geecee	nucleotide	bin/geecee	0		Calculate fractional GC content of nucleic acid sequences		http://www.ebi.ac.uk/Tools/emboss	http://emboss.sourceforge.net/apps/release/6.4/emboss/apps/geecee.html
agua	admin	emboss	6.4.0.0	/aguadev/apps/emboss	getorf	ORF	bin/getorf	0		Finds and extracts open reading frames (ORFs)		http://www.ebi.ac.uk/Tools/emboss	http://emboss.sourceforge.net/apps/release/6.4/emboss/apps/getorf.html
agua	admin	emboss	6.4.0.0	/aguadev/apps/emboss	godef	ontology	bin/godef	0		Find GO ontology terms by definition		http://www.ebi.ac.uk/Tools/emboss	http://emboss.sourceforge.net/apps/release/6.4/emboss/apps/godef.html
agua	admin	emboss	6.4.0.0	/aguadev/apps/emboss	goname	ontology	bin/goname	0		Find GO ontology terms by name		http://www.ebi.ac.uk/Tools/emboss	http://emboss.sourceforge.net/apps/release/6.4/emboss/apps/goname.html
agua	admin	emboss	6.4.0.0	/aguadev/apps/emboss	helixturnhelix	motif	bin/helixturnhelix	0		Identify nucleic acid-binding motifs in protein sequences		http://www.ebi.ac.uk/Tools/emboss	http://emboss.sourceforge.net/apps/release/6.4/emboss/apps/helixturnhelix.html
agua	admin	emboss	6.4.0.0	/aguadev/apps/emboss	hmoment	protein	bin/hmoment	0		Calculate and plot hydrophobic moment for protein sequence(s)		http://www.ebi.ac.uk/Tools/emboss	http://emboss.sourceforge.net/apps/release/6.4/emboss/apps/hmoment.html
agua	admin	emboss	6.4.0.0	/aguadev/apps/emboss	iep	protein	bin/iep	0		Calculate the isoelectric point of proteins		http://www.ebi.ac.uk/Tools/emboss	http://emboss.sourceforge.net/apps/release/6.4/emboss/apps/iep.html
agua	admin	emboss	6.4.0.0	/aguadev/apps/emboss	infoalign	display	bin/infoalign	0		Display basic information about a multiple sequence alignment		http://www.ebi.ac.uk/Tools/emboss	http://emboss.sourceforge.net/apps/release/6.4/emboss/apps/infoalign.html
agua	admin	emboss	6.4.0.0	/aguadev/apps/emboss	infobase	sequence	bin/infobase	0		Return information on a given nucleotide base		http://www.ebi.ac.uk/Tools/emboss	http://emboss.sourceforge.net/apps/release/6.4/emboss/apps/infobase.html
agua	admin	emboss	6.4.0.0	/aguadev/apps/emboss	inforesidue	sequence	bin/inforesidue	0		Return information on a given amino acid residue		http://www.ebi.ac.uk/Tools/emboss	http://emboss.sourceforge.net/apps/release/6.4/emboss/apps/inforesidue.html
agua	admin	emboss	6.4.0.0	/aguadev/apps/emboss	infoseq	sequence	bin/infoseq	0		Display basic information about sequences		http://www.ebi.ac.uk/Tools/emboss	http://emboss.sourceforge.net/apps/release/6.4/emboss/apps/infoseq.html
agua	admin	emboss	6.4.0.0	/aguadev/apps/emboss	isochore	nucleotide	bin/isochore	0		Plots isochores in DNA sequences		http://www.ebi.ac.uk/Tools/emboss	http://emboss.sourceforge.net/apps/release/6.4/emboss/apps/isochore.html
agua	admin	emboss	6.4.0.0	/aguadev/apps/emboss	jaspextract	motif	bin/jaspextract	0		Extract data from JASPAR		http://www.ebi.ac.uk/Tools/emboss	http://emboss.sourceforge.net/apps/release/6.4/emboss/apps/jaspextract.html
agua	admin	emboss	6.4.0.0	/aguadev/apps/emboss	jaspscan	motif	bin/jaspscan	0		Scans DNA sequences for transcription factors		http://www.ebi.ac.uk/Tools/emboss	http://emboss.sourceforge.net/apps/release/6.4/emboss/apps/jaspscan.html
agua	admin	emboss	6.4.0.0	/aguadev/apps/emboss	lindna	scaffold	bin/lindna	0		Draws linear maps of DNA constructs		http://www.ebi.ac.uk/Tools/emboss	http://emboss.sourceforge.net/apps/release/6.4/emboss/apps/lindna.html
agua	admin	emboss	6.4.0.0	/aguadev/apps/emboss	listor	sequence	bin/listor	0		Write a list file of the logical OR of two sets of sequences		http://www.ebi.ac.uk/Tools/emboss	http://emboss.sourceforge.net/apps/release/6.4/emboss/apps/listor.html
agua	admin	emboss	6.4.0.0	/aguadev/apps/emboss	makenucseq	sequence	bin/makenucseq	0		Create random nucleotide sequences		http://www.ebi.ac.uk/Tools/emboss	http://emboss.sourceforge.net/apps/release/6.4/emboss/apps/makenucseq.html
agua	admin	emboss	6.4.0.0	/aguadev/apps/emboss	makeprotseq	sequence	bin/makeprotseq	0		Create random protein sequences		http://www.ebi.ac.uk/Tools/emboss	http://emboss.sourceforge.net/apps/release/6.4/emboss/apps/makeprotseq.html
agua	admin	emboss	6.4.0.0	/aguadev/apps/emboss	marscan	scaffold	bin/marscan	0		Finds matrix/scaffold recognition (MRS) signatures in DNA sequences		http://www.ebi.ac.uk/Tools/emboss	http://emboss.sourceforge.net/apps/release/6.4/emboss/apps/marscan.html
agua	admin	emboss	6.4.0.0	/aguadev/apps/emboss	maskambignuc	mask	bin/maskambignuc	0		Masks all ambiguity characters in nucleotide sequences with N		http://www.ebi.ac.uk/Tools/emboss	http://emboss.sourceforge.net/apps/release/6.4/emboss/apps/maskambignuc.html
agua	admin	emboss	6.4.0.0	/aguadev/apps/emboss	maskambigprot	mask	bin/maskambigprot	0		Masks all ambiguity characters in protein sequences with X		http://www.ebi.ac.uk/Tools/emboss	http://emboss.sourceforge.net/apps/release/6.4/emboss/apps/maskambigprot.html
agua	admin	emboss	6.4.0.0	/aguadev/apps/emboss	maskfeat	mask	bin/maskfeat	0		Write a sequence with masked features		http://www.ebi.ac.uk/Tools/emboss	http://emboss.sourceforge.net/apps/release/6.4/emboss/apps/maskfeat.html
agua	admin	emboss	6.4.0.0	/aguadev/apps/emboss	maskseq	mask	bin/maskseq	0		Write a sequence with masked regions		http://www.ebi.ac.uk/Tools/emboss	http://emboss.sourceforge.net/apps/release/6.4/emboss/apps/maskseq.html
agua	admin	emboss	6.4.0.0	/aguadev/apps/emboss	matcher	alignment	bin/matcher	0		Waterman-Eggert local alignment of two sequences		http://www.ebi.ac.uk/Tools/emboss	http://emboss.sourceforge.net/apps/release/6.4/emboss/apps/matcher.html
agua	admin	emboss	6.4.0.0	/aguadev/apps/emboss	megamerger	transform	bin/megamerger	0		Merge two large overlapping DNA sequences		http://www.ebi.ac.uk/Tools/emboss	http://emboss.sourceforge.net/apps/release/6.4/emboss/apps/megamerger.html
agua	admin	emboss	6.4.0.0	/aguadev/apps/emboss	merger	transform	bin/merger	0		Merge two overlapping sequences		http://www.ebi.ac.uk/Tools/emboss	http://emboss.sourceforge.net/apps/release/6.4/emboss/apps/merger.html
agua	admin	emboss	6.4.0.0	/aguadev/apps/emboss	msbar	transform	bin/msbar	0		Mutate a sequence		http://www.ebi.ac.uk/Tools/emboss	http://emboss.sourceforge.net/apps/release/6.4/emboss/apps/msbar.html
agua	admin	emboss	6.4.0.0	/aguadev/apps/emboss	mwcontam	molweight	bin/mwcontam	0		Find weights common to multiple molecular weights files		http://www.ebi.ac.uk/Tools/emboss	http://emboss.sourceforge.net/apps/release/6.4/emboss/apps/mwcontam.html
agua	admin	emboss	6.4.0.0	/aguadev/apps/emboss	mwfilter	molweight	bin/mwfilter	0		Filter noisy data from molecular weights file		http://www.ebi.ac.uk/Tools/emboss	http://emboss.sourceforge.net/apps/release/6.4/emboss/apps/mwfilter.html
agua	admin	emboss	6.4.0.0	/aguadev/apps/emboss	needle	alignment	bin/needle	0		Needleman-Wunsch global alignment of two sequences		http://www.ebi.ac.uk/Tools/emboss	http://emboss.sourceforge.net/apps/release/6.4/emboss/apps/needle.html
agua	admin	emboss	6.4.0.0	/aguadev/apps/emboss	needleall	alignment	bin/needleall	0		Many-to-many pairwise alignments of two sequence sets		http://www.ebi.ac.uk/Tools/emboss	http://emboss.sourceforge.net/apps/release/6.4/emboss/apps/needleall.html
agua	admin	emboss	6.4.0.0	/aguadev/apps/emboss	newcpgreport	nucleotide	bin/newcpgreport	0		Identify CpG islands in nucleotide sequence(s)		http://www.ebi.ac.uk/Tools/emboss	http://emboss.sourceforge.net/apps/release/6.4/emboss/apps/newcpgreport.html
agua	admin	emboss	6.4.0.0	/aguadev/apps/emboss	newcpgseek	nucleotide	bin/newcpgseek	0		Identify and report CpG-rich regions in nucleotide sequence(s)		http://www.ebi.ac.uk/Tools/emboss	http://emboss.sourceforge.net/apps/release/6.4/emboss/apps/newcpgseek.html
agua	admin	emboss	6.4.0.0	/aguadev/apps/emboss	newseq	transform	bin/newseq	0		Create a sequence file from a typed-in sequence		http://www.ebi.ac.uk/Tools/emboss	http://emboss.sourceforge.net/apps/release/6.4/emboss/apps/newseq.html
agua	admin	emboss	6.4.0.0	/aguadev/apps/emboss	nohtml	edit	bin/nohtml	0		Remove mark-up (e.g. HTML tags) from an ASCII text file		http://www.ebi.ac.uk/Tools/emboss	http://emboss.sourceforge.net/apps/release/6.4/emboss/apps/nohtml.html
agua	admin	emboss	6.4.0.0	/aguadev/apps/emboss	noreturn	edit	bin/noreturn	0		Remove carriage return from ASCII files		http://www.ebi.ac.uk/Tools/emboss	http://emboss.sourceforge.net/apps/release/6.4/emboss/apps/noreturn.html
agua	admin	emboss	6.4.0.0	/aguadev/apps/emboss	nospace	edit	bin/nospace	0		Remove whitespace from an ASCII text file		http://www.ebi.ac.uk/Tools/emboss	http://emboss.sourceforge.net/apps/release/6.4/emboss/apps/nospace.html
agua	admin	emboss	6.4.0.0	/aguadev/apps/emboss	notab	edit	bin/notab	0		Replace tabs with spaces in an ASCII text file		http://www.ebi.ac.uk/Tools/emboss	http://emboss.sourceforge.net/apps/release/6.4/emboss/apps/notab.html
agua	admin	emboss	6.4.0.0	/aguadev/apps/emboss	notseq	extract	bin/notseq	0		Write to file a subset of an input stream of sequences		http://www.ebi.ac.uk/Tools/emboss	http://emboss.sourceforge.net/apps/release/6.4/emboss/apps/notseq.html
agua	admin	emboss	6.4.0.0	/aguadev/apps/emboss	nthseq	extract	bin/nthseq	0		Write to file a single sequence from an input stream of sequences		http://www.ebi.ac.uk/Tools/emboss	http://emboss.sourceforge.net/apps/release/6.4/emboss/apps/nthseq.html
agua	admin	emboss	6.4.0.0	/aguadev/apps/emboss	nthseqset	extract	bin/nthseqset	0		Reads and writes (returns) one set of sequences from many		http://www.ebi.ac.uk/Tools/emboss	http://emboss.sourceforge.net/apps/release/6.4/emboss/apps/nthseqset.html
agua	admin	emboss	6.4.0.0	/aguadev/apps/emboss	octanol	display	bin/octanol	0		Draw a White-Wimley protein hydropathy plot		http://www.ebi.ac.uk/Tools/emboss	http://emboss.sourceforge.net/apps/release/6.4/emboss/apps/octanol.html
agua	admin	emboss	6.4.0.0	/aguadev/apps/emboss	oddcomp	protein	bin/oddcomp	0		Identify proteins with specified sequence word composition		http://www.ebi.ac.uk/Tools/emboss	http://emboss.sourceforge.net/apps/release/6.4/emboss/apps/oddcomp.html
agua	admin	emboss	6.4.0.0	/aguadev/apps/emboss	ontocount	ontology	bin/ontocount	0		Count ontology term(s)		http://www.ebi.ac.uk/Tools/emboss	http://emboss.sourceforge.net/apps/release/6.4/emboss/apps/ontocount.html
agua	admin	emboss	6.4.0.0	/aguadev/apps/emboss	ontoget	ontology	bin/ontoget	0		Get ontology term(s)		http://www.ebi.ac.uk/Tools/emboss	http://emboss.sourceforge.net/apps/release/6.4/emboss/apps/ontoget.html
agua	admin	emboss	6.4.0.0	/aguadev/apps/emboss	ontogetcommon	ontology	bin/ontogetcommon	0		Get common ancestor for terms		http://www.ebi.ac.uk/Tools/emboss	http://emboss.sourceforge.net/apps/release/6.4/emboss/apps/ontogetcommon.html
agua	admin	emboss	6.4.0.0	/aguadev/apps/emboss	ontogetdown	ontology	bin/ontogetdown	0		Get ontology term(s) by parent id		http://www.ebi.ac.uk/Tools/emboss	http://emboss.sourceforge.net/apps/release/6.4/emboss/apps/ontogetdown.html
agua	admin	emboss	6.4.0.0	/aguadev/apps/emboss	ontogetobsolete	ontology	bin/ontogetobsolete	0		Get ontology ontology terms		http://www.ebi.ac.uk/Tools/emboss	http://emboss.sourceforge.net/apps/release/6.4/emboss/apps/ontogetobsolete.html
agua	admin	emboss	6.4.0.0	/aguadev/apps/emboss	ontogetroot	ontology	bin/ontogetroot	0		Get ontology root terms by child identifier		http://www.ebi.ac.uk/Tools/emboss	http://emboss.sourceforge.net/apps/release/6.4/emboss/apps/ontogetroot.html
agua	admin	emboss	6.4.0.0	/aguadev/apps/emboss	ontogetsibs	ontology	bin/ontogetsibs	0		Get ontology term(s) by id with common parent		http://www.ebi.ac.uk/Tools/emboss	http://emboss.sourceforge.net/apps/release/6.4/emboss/apps/ontogetsibs.html
agua	admin	emboss	6.4.0.0	/aguadev/apps/emboss	ontogetup	ontology	bin/ontogetup	0		Get ontology term(s) by id of child		http://www.ebi.ac.uk/Tools/emboss	http://emboss.sourceforge.net/apps/release/6.4/emboss/apps/ontogetup.html
agua	admin	emboss	6.4.0.0	/aguadev/apps/emboss	ontoisobsolete	ontology	bin/ontoisobsolete	0		Report whether an ontology term id is obsolete		http://www.ebi.ac.uk/Tools/emboss	http://emboss.sourceforge.net/apps/release/6.4/emboss/apps/ontoisobsolete.html
agua	admin	emboss	6.4.0.0	/aguadev/apps/emboss	ontotext	ontology	bin/ontotext	0		Get ontology term(s) original full text		http://www.ebi.ac.uk/Tools/emboss	http://emboss.sourceforge.net/apps/release/6.4/emboss/apps/ontotext.html
agua	admin	emboss	6.4.0.0	/aguadev/apps/emboss	palindrome	repeat	bin/palindrome	0		Finds inverted repeats in nucleotide sequence(s)		http://www.ebi.ac.uk/Tools/emboss	http://emboss.sourceforge.net/apps/release/6.4/emboss/apps/palindrome.html
agua	admin	emboss	6.4.0.0	/aguadev/apps/emboss	pasteseq	transform	bin/pasteseq	0		Insert one sequence into another		http://www.ebi.ac.uk/Tools/emboss	http://emboss.sourceforge.net/apps/release/6.4/emboss/apps/pasteseq.html
agua	admin	emboss	6.4.0.0	/aguadev/apps/emboss	patmatdb	motif	bin/patmatdb	0		Searches protein sequences with a sequence motif		http://www.ebi.ac.uk/Tools/emboss	http://emboss.sourceforge.net/apps/release/6.4/emboss/apps/patmatdb.html
agua	admin	emboss	6.4.0.0	/aguadev/apps/emboss	patmatmotifs	motif	bin/patmatmotifs	0		Scan a protein sequence with motifs from the PROSITE database		http://www.ebi.ac.uk/Tools/emboss	http://emboss.sourceforge.net/apps/release/6.4/emboss/apps/patmatmotifs.html
agua	admin	emboss	6.4.0.0	/aguadev/apps/emboss	pepcoil	motif	bin/pepcoil	0		Predicts coiled coil regions in protein sequences		http://www.ebi.ac.uk/Tools/emboss	http://emboss.sourceforge.net/apps/release/6.4/emboss/apps/pepcoil.html
agua	admin	emboss	6.4.0.0	/aguadev/apps/emboss	pepdigest	reaction	bin/pepdigest	0		Reports on protein proteolytic enzyme or reagent cleavage sites		http://www.ebi.ac.uk/Tools/emboss	http://emboss.sourceforge.net/apps/release/6.4/emboss/apps/pepdigest.html
agua	admin	emboss	6.4.0.0	/aguadev/apps/emboss	pepinfo	protein	bin/pepinfo	0		Plot amino acid properties of a protein sequence in parallel.		http://www.ebi.ac.uk/Tools/emboss	http://emboss.sourceforge.net/apps/release/6.4/emboss/apps/pepinfo.html
agua	admin	emboss	6.4.0.0	/aguadev/apps/emboss	pepnet	protein	bin/pepnet	0		Draw a helical net for a protein sequence		http://www.ebi.ac.uk/Tools/emboss	http://emboss.sourceforge.net/apps/release/6.4/emboss/apps/pepnet.html
agua	admin	emboss	6.4.0.0	/aguadev/apps/emboss	pepstats	protein	bin/pepstats	0		Calculates statistics of protein properties		http://www.ebi.ac.uk/Tools/emboss	http://emboss.sourceforge.net/apps/release/6.4/emboss/apps/pepstats.html
agua	admin	emboss	6.4.0.0	/aguadev/apps/emboss	pepwheel	protein	bin/pepwheel	0		Draw a helical wheel diagram for a protein sequence		http://www.ebi.ac.uk/Tools/emboss	http://emboss.sourceforge.net/apps/release/6.4/emboss/apps/pepwheel.html
agua	admin	emboss	6.4.0.0	/aguadev/apps/emboss	pepwindow	protein	bin/pepwindow	0		Draw a hydropathy plot for a protein sequence		http://www.ebi.ac.uk/Tools/emboss	http://emboss.sourceforge.net/apps/release/6.4/emboss/apps/pepwindow.html
agua	admin	emboss	6.4.0.0	/aguadev/apps/emboss	pepwindowall	protein	bin/pepwindowall	0		Draw Kyte-Doolittle hydropathy plot for a protein alignment		http://www.ebi.ac.uk/Tools/emboss	http://emboss.sourceforge.net/apps/release/6.4/emboss/apps/pepwindowall.html
agua	admin	emboss	6.4.0.0	/aguadev/apps/emboss	plotcon	alignment	bin/plotcon	0		Plot conservation of a sequence alignment		http://www.ebi.ac.uk/Tools/emboss	http://emboss.sourceforge.net/apps/release/6.4/emboss/apps/plotcon.html
agua	admin	emboss	6.4.0.0	/aguadev/apps/emboss	plotorf	ORF	bin/plotorf	0		Plot potential open reading frames in a nucleotide sequence		http://www.ebi.ac.uk/Tools/emboss	http://emboss.sourceforge.net/apps/release/6.4/emboss/apps/plotorf.html
agua	admin	emboss	6.4.0.0	/aguadev/apps/emboss	polydot	display	bin/polydot	0		Draw dotplots for all-against-all comparison of a sequence set		http://www.ebi.ac.uk/Tools/emboss	http://emboss.sourceforge.net/apps/release/6.4/emboss/apps/polydot.html
agua	admin	emboss	6.4.0.0	/aguadev/apps/emboss	preg	pattern	bin/preg	0		Regular expression search of protein sequence(s)		http://www.ebi.ac.uk/Tools/emboss	http://emboss.sourceforge.net/apps/release/6.4/emboss/apps/preg.html
agua	admin	emboss	6.4.0.0	/aguadev/apps/emboss	prettyplot	display	bin/prettyplot	0		Draw a sequence alignment with pretty formatting		http://www.ebi.ac.uk/Tools/emboss	http://emboss.sourceforge.net/apps/release/6.4/emboss/apps/prettyplot.html
agua	admin	emboss	6.4.0.0	/aguadev/apps/emboss	prettyseq	sequence	bin/prettyseq	0		Write a nucleotide sequence and its translation to file		http://www.ebi.ac.uk/Tools/emboss	http://emboss.sourceforge.net/apps/release/6.4/emboss/apps/prettyseq.html
agua	admin	emboss	6.4.0.0	/aguadev/apps/emboss	primersearch	PCR	bin/primersearch	0		Search DNA sequences for matches with primer pairs		http://www.ebi.ac.uk/Tools/emboss	http://emboss.sourceforge.net/apps/release/6.4/emboss/apps/primersearch.html
agua	admin	emboss	6.4.0.0	/aguadev/apps/emboss	printsextract	motif	bin/printsextract	0		Extract data from PRINTS database for use by pscan		http://www.ebi.ac.uk/Tools/emboss	http://emboss.sourceforge.net/apps/release/6.4/emboss/apps/printsextract.html
agua	admin	emboss	6.4.0.0	/aguadev/apps/emboss	profit	motif	bin/profit	0		Scan one or more sequences with a simple frequency matrix		http://www.ebi.ac.uk/Tools/emboss	http://emboss.sourceforge.net/apps/release/6.4/emboss/apps/profit.html
agua	admin	emboss	6.4.0.0	/aguadev/apps/emboss	prophecy	motif	bin/prophecy	0		Create frequency matrix or profile from a multiple alignment		http://www.ebi.ac.uk/Tools/emboss	http://emboss.sourceforge.net/apps/release/6.4/emboss/apps/prophecy.html
agua	admin	emboss	6.4.0.0	/aguadev/apps/emboss	prophet	motif	bin/prophet	0		Scan one or more sequences with a Gribskov or Henikoff profile		http://www.ebi.ac.uk/Tools/emboss	http://emboss.sourceforge.net/apps/release/6.4/emboss/apps/prophet.html
agua	admin	emboss	6.4.0.0	/aguadev/apps/emboss	prosextract	motif	bin/prosextract	0		Processes the PROSITE motif database for use by patmatmotifs		http://www.ebi.ac.uk/Tools/emboss	http://emboss.sourceforge.net/apps/release/6.4/emboss/apps/prosextract.html
agua	admin	emboss	6.4.0.0	/aguadev/apps/emboss	pscan	motif	bin/pscan	0		Scans protein sequence(s) with fingerprints from the PRINTS database		http://www.ebi.ac.uk/Tools/emboss	http://emboss.sourceforge.net/apps/release/6.4/emboss/apps/pscan.html
agua	admin	emboss	6.4.0.0	/aguadev/apps/emboss	psiphi	protein	bin/psiphi	0		Calculates phi and psi torsion angles from protein coordinates		http://www.ebi.ac.uk/Tools/emboss	http://emboss.sourceforge.net/apps/release/6.4/emboss/apps/psiphi.html
agua	admin	emboss	6.4.0.0	/aguadev/apps/emboss	rebaseextract	restriction	bin/rebaseextract	0		Process the REBASE database for use by restriction enzyme applications		http://www.ebi.ac.uk/Tools/emboss	http://emboss.sourceforge.net/apps/release/6.4/emboss/apps/rebaseextract.html
agua	admin	emboss	6.4.0.0	/aguadev/apps/emboss	recoder	restriction	bin/recoder	0		Find restriction sites to remove (mutate) with no translation change		http://www.ebi.ac.uk/Tools/emboss	http://emboss.sourceforge.net/apps/release/6.4/emboss/apps/recoder.html
agua	admin	emboss	6.4.0.0	/aguadev/apps/emboss	redata	restriction	bin/redata	0		Retrieve information from REBASE restriction enzyme database		http://www.ebi.ac.uk/Tools/emboss	http://emboss.sourceforge.net/apps/release/6.4/emboss/apps/redata.html
agua	admin	emboss	6.4.0.0	/aguadev/apps/emboss	remap	restriction	bin/remap	0		Display restriction enzyme binding sites in a nucleotide sequence		http://www.ebi.ac.uk/Tools/emboss	http://emboss.sourceforge.net/apps/release/6.4/emboss/apps/remap.html
agua	admin	emboss	6.4.0.0	/aguadev/apps/emboss	restover	restriction	bin/restover	0		Find restriction enzymes producing a specific overhang		http://www.ebi.ac.uk/Tools/emboss	http://emboss.sourceforge.net/apps/release/6.4/emboss/apps/restover.html
agua	admin	emboss	6.4.0.0	/aguadev/apps/emboss	restrict	restriction	bin/restrict	0		Report restriction enzyme cleavage sites in a nucleotide sequence		http://www.ebi.ac.uk/Tools/emboss	http://emboss.sourceforge.net/apps/release/6.4/emboss/apps/restrict.html
agua	admin	emboss	6.4.0.0	/aguadev/apps/emboss	revseq	transform	bin/revseq	0		Reverse and complement a nucleotide sequence		http://www.ebi.ac.uk/Tools/emboss	http://emboss.sourceforge.net/apps/release/6.4/emboss/apps/revseq.html
agua	admin	emboss	6.4.0.0	/aguadev/apps/emboss	seealso	application	bin/seealso	0		Finds programs with similar function to a specified program		http://www.ebi.ac.uk/Tools/emboss	http://emboss.sourceforge.net/apps/release/6.4/emboss/apps/seealso.html
agua	admin	emboss	6.4.0.0	/aguadev/apps/emboss	seqcount	sequence	bin/seqcount	0		Reads and counts sequences		http://www.ebi.ac.uk/Tools/emboss	http://emboss.sourceforge.net/apps/release/6.4/emboss/apps/seqcount.html
agua	admin	emboss	6.4.0.0	/aguadev/apps/emboss	seqmatchall	sequence	bin/seqmatchall	0		All-against-all word comparison of a sequence set		http://www.ebi.ac.uk/Tools/emboss	http://emboss.sourceforge.net/apps/release/6.4/emboss/apps/seqmatchall.html
agua	admin	emboss	6.4.0.0	/aguadev/apps/emboss	seqret	sequence	bin/seqret	0		Reads and writes (returns) sequences		http://www.ebi.ac.uk/Tools/emboss	http://emboss.sourceforge.net/apps/release/6.4/emboss/apps/seqret.html
agua	admin	emboss	6.4.0.0	/aguadev/apps/emboss	seqretsetall	sequence	bin/seqretsetall	0		Reads and writes (returns) many sets of sequences		http://www.ebi.ac.uk/Tools/emboss	http://emboss.sourceforge.net/apps/release/6.4/emboss/apps/seqretsetall.html
agua	admin	emboss	6.4.0.0	/aguadev/apps/emboss	seqretsplit	sequence	bin/seqretsplit	0		Reads sequences and writes them to individual files		http://www.ebi.ac.uk/Tools/emboss	http://emboss.sourceforge.net/apps/release/6.4/emboss/apps/seqretsplit.html
agua	admin	emboss	6.4.0.0	/aguadev/apps/emboss	seqxref	sequence	bin/seqxref	0		Retrieve all database cross-references for a sequence entry		http://www.ebi.ac.uk/Tools/emboss	http://emboss.sourceforge.net/apps/release/6.4/emboss/apps/seqxref.html
agua	admin	emboss	6.4.0.0	/aguadev/apps/emboss	seqxrefget	sequence	bin/seqxrefget	0		Retrieve all cross-referenced data for a sequence entry		http://www.ebi.ac.uk/Tools/emboss	http://emboss.sourceforge.net/apps/release/6.4/emboss/apps/seqxrefget.html
agua	admin	emboss	6.4.0.0	/aguadev/apps/emboss	servertell	server	bin/servertell	0		Display information about a public server		http://www.ebi.ac.uk/Tools/emboss	http://emboss.sourceforge.net/apps/release/6.4/emboss/apps/servertell.html
agua	admin	emboss	6.4.0.0	/aguadev/apps/emboss	showalign	display	bin/showalign	0		Display a multiple sequence alignment in pretty format		http://www.ebi.ac.uk/Tools/emboss	http://emboss.sourceforge.net/apps/release/6.4/emboss/apps/showalign.html
agua	admin	emboss	6.4.0.0	/aguadev/apps/emboss	showdb	display	bin/showdb	0		Displays information on configured databases		http://www.ebi.ac.uk/Tools/emboss	http://emboss.sourceforge.net/apps/release/6.4/emboss/apps/showdb.html
agua	admin	emboss	6.4.0.0	/aguadev/apps/emboss	showfeat	display	bin/showfeat	0		Display features of a sequence in pretty format		http://www.ebi.ac.uk/Tools/emboss	http://emboss.sourceforge.net/apps/release/6.4/emboss/apps/showfeat.html
agua	admin	emboss	6.4.0.0	/aguadev/apps/emboss	showorf	display	bin/showorf	0		Display a nucleotide sequence and translation in pretty format		http://www.ebi.ac.uk/Tools/emboss	http://emboss.sourceforge.net/apps/release/6.4/emboss/apps/showorf.html
agua	admin	emboss	6.4.0.0	/aguadev/apps/emboss	showpep	display	bin/showpep	0		Displays protein sequences with features in pretty format		http://www.ebi.ac.uk/Tools/emboss	http://emboss.sourceforge.net/apps/release/6.4/emboss/apps/showpep.html
agua	admin	emboss	6.4.0.0	/aguadev/apps/emboss	showseq	display	bin/showseq	0		Displays sequences with features in pretty format		http://www.ebi.ac.uk/Tools/emboss	http://emboss.sourceforge.net/apps/release/6.4/emboss/apps/showseq.html
agua	admin	emboss	6.4.0.0	/aguadev/apps/emboss	showserver	display	bin/showserver	0		Displays information on configured servers		http://www.ebi.ac.uk/Tools/emboss	http://emboss.sourceforge.net/apps/release/6.4/emboss/apps/showserver.html
agua	admin	emboss	6.4.0.0	/aguadev/apps/emboss	shuffleseq	transform	bin/shuffleseq	0		Shuffles a set of sequences maintaining composition		http://www.ebi.ac.uk/Tools/emboss	http://emboss.sourceforge.net/apps/release/6.4/emboss/apps/shuffleseq.html
agua	admin	emboss	6.4.0.0	/aguadev/apps/emboss	sigcleave	protein	bin/sigcleave	0		Reports on signal cleavage sites in a protein sequence		http://www.ebi.ac.uk/Tools/emboss	http://emboss.sourceforge.net/apps/release/6.4/emboss/apps/sigcleave.html
agua	admin	emboss	6.4.0.0	/aguadev/apps/emboss	silent	restriction	bin/silent	0		Find restriction sites to insert (mutate) with no translation change		http://www.ebi.ac.uk/Tools/emboss	http://emboss.sourceforge.net/apps/release/6.4/emboss/apps/silent.html
agua	admin	emboss	6.4.0.0	/aguadev/apps/emboss	sirna	RNA	bin/sirna	0		Finds siRNA duplexes in mRNA		http://www.ebi.ac.uk/Tools/emboss	http://emboss.sourceforge.net/apps/release/6.4/emboss/apps/sirna.html
agua	admin	emboss	6.4.0.0	/aguadev/apps/emboss	sixpack	transform	bin/sixpack	0		Display a DNA sequence with 6-frame translation and ORFs		http://www.ebi.ac.uk/Tools/emboss	http://emboss.sourceforge.net/apps/release/6.4/emboss/apps/sixpack.html
agua	admin	emboss	6.4.0.0	/aguadev/apps/emboss	sizeseq	transform	bin/sizeseq	0		Sort sequences by size		http://www.ebi.ac.uk/Tools/emboss	http://emboss.sourceforge.net/apps/release/6.4/emboss/apps/sizeseq.html
agua	admin	emboss	6.4.0.0	/aguadev/apps/emboss	skipredundant	transform	bin/skipredundant	0		Remove redundant sequences from an input set		http://www.ebi.ac.uk/Tools/emboss	http://emboss.sourceforge.net/apps/release/6.4/emboss/apps/skipredundant.html
agua	admin	emboss	6.4.0.0	/aguadev/apps/emboss	skipseq	sequence	bin/skipseq	0		Reads and writes (returns) sequences, skipping first few		http://www.ebi.ac.uk/Tools/emboss	http://emboss.sourceforge.net/apps/release/6.4/emboss/apps/skipseq.html
agua	admin	emboss	6.4.0.0	/aguadev/apps/emboss	splitsource	transform	bin/splitsource	0		Split sequence(s) into original source sequences		http://www.ebi.ac.uk/Tools/emboss	http://emboss.sourceforge.net/apps/release/6.4/emboss/apps/splitsource.html
agua	admin	emboss	6.4.0.0	/aguadev/apps/emboss	splitter	transform	bin/splitter	0		Split sequence(s) into smaller sequences		http://www.ebi.ac.uk/Tools/emboss	http://emboss.sourceforge.net/apps/release/6.4/emboss/apps/splitter.html
agua	admin	emboss	6.4.0.0	/aguadev/apps/emboss	stretcher	alignment	bin/stretcher	0		Needleman-Wunsch rapid global alignment of two sequences		http://www.ebi.ac.uk/Tools/emboss	http://emboss.sourceforge.net/apps/release/6.4/emboss/apps/stretcher.html
agua	admin	emboss	6.4.0.0	/aguadev/apps/emboss	stssearch	PCR	bin/stssearch	0		Search a DNA database for matches with a set of STS primers		http://www.ebi.ac.uk/Tools/emboss	http://emboss.sourceforge.net/apps/release/6.4/emboss/apps/stssearch.html
agua	admin	emboss	6.4.0.0	/aguadev/apps/emboss	supermatcher	alignment	bin/supermatcher	0		Calculate approximate local pair-wise alignments of larger sequences		http://www.ebi.ac.uk/Tools/emboss	http://emboss.sourceforge.net/apps/release/6.4/emboss/apps/supermatcher.html
agua	admin	emboss	6.4.0.0	/aguadev/apps/emboss	syco	codon	bin/syco	0		Draw synonymous codon usage statistic plot for a nucleotide sequence		http://www.ebi.ac.uk/Tools/emboss	http://emboss.sourceforge.net/apps/release/6.4/emboss/apps/syco.html
agua	admin	emboss	6.4.0.0	/aguadev/apps/emboss	taxget	taxon	bin/taxget	0		Get taxon(s)		http://www.ebi.ac.uk/Tools/emboss	http://emboss.sourceforge.net/apps/release/6.4/emboss/apps/taxget.html
agua	admin	emboss	6.4.0.0	/aguadev/apps/emboss	taxgetdown	taxon	bin/taxgetdown	0		Get descendants of taxon(s)		http://www.ebi.ac.uk/Tools/emboss	http://emboss.sourceforge.net/apps/release/6.4/emboss/apps/taxgetdown.html
agua	admin	emboss	6.4.0.0	/aguadev/apps/emboss	taxgetrank	taxon	bin/taxgetrank	0		Get parents of taxon(s)		http://www.ebi.ac.uk/Tools/emboss	http://emboss.sourceforge.net/apps/release/6.4/emboss/apps/taxgetrank.html
agua	admin	emboss	6.4.0.0	/aguadev/apps/emboss	taxgetspecies	taxon	bin/taxgetspecies	0		Get all species under taxon(s)		http://www.ebi.ac.uk/Tools/emboss	http://emboss.sourceforge.net/apps/release/6.4/emboss/apps/taxgetspecies.html
agua	admin	emboss	6.4.0.0	/aguadev/apps/emboss	taxgetup	taxon	bin/taxgetup	0		Get parents of taxon(s)		http://www.ebi.ac.uk/Tools/emboss	http://emboss.sourceforge.net/apps/release/6.4/emboss/apps/taxgetup.html
agua	admin	emboss	6.4.0.0	/aguadev/apps/emboss	tcode	protein	bin/tcode	0		Identify protein-coding regions using Fickett TESTCODE statistic		http://www.ebi.ac.uk/Tools/emboss	http://emboss.sourceforge.net/apps/release/6.4/emboss/apps/tcode.html
agua	admin	emboss	6.4.0.0	/aguadev/apps/emboss	textget	database	bin/textget	0		Get text data entries		http://www.ebi.ac.uk/Tools/emboss	http://emboss.sourceforge.net/apps/release/6.4/emboss/apps/textget.html
agua	admin	emboss	6.4.0.0	/aguadev/apps/emboss	textsearch	search	bin/textsearch	0		Search the textual description of sequence(s)		http://www.ebi.ac.uk/Tools/emboss	http://emboss.sourceforge.net/apps/release/6.4/emboss/apps/textsearch.html
agua	admin	emboss	6.4.0.0	/aguadev/apps/emboss	tfextract	motif	bin/tfextract	0		Process TRANSFAC transcription factor database for use by tfscan		http://www.ebi.ac.uk/Tools/emboss	http://emboss.sourceforge.net/apps/release/6.4/emboss/apps/tfextract.html
agua	admin	emboss	6.4.0.0	/aguadev/apps/emboss	tfm	application	bin/tfm	0		Displays full documentation for an application		http://www.ebi.ac.uk/Tools/emboss	http://emboss.sourceforge.net/apps/release/6.4/emboss/apps/tfm.html
agua	admin	emboss	6.4.0.0	/aguadev/apps/emboss	tfscan	motif	bin/tfscan	0		Identify transcription factor binding sites in DNA sequences		http://www.ebi.ac.uk/Tools/emboss	http://emboss.sourceforge.net/apps/release/6.4/emboss/apps/tfscan.html
agua	admin	emboss	6.4.0.0	/aguadev/apps/emboss	tmap	motif	bin/tmap	0		Predict and plot transmembrane segments in protein sequences		http://www.ebi.ac.uk/Tools/emboss	http://emboss.sourceforge.net/apps/release/6.4/emboss/apps/tmap.html
agua	admin	emboss	6.4.0.0	/aguadev/apps/emboss	tranalign	alignment	bin/tranalign	0		Generate an alignment of nucleic coding regions from aligned proteins		http://www.ebi.ac.uk/Tools/emboss	http://emboss.sourceforge.net/apps/release/6.4/emboss/apps/tranalign.html
agua	admin	emboss	6.4.0.0	/aguadev/apps/emboss	transeq	translate	bin/transeq	0		Translate nucleic acid sequences		http://www.ebi.ac.uk/Tools/emboss	http://emboss.sourceforge.net/apps/release/6.4/emboss/apps/transeq.html
agua	admin	emboss	6.4.0.0	/aguadev/apps/emboss	trimest	transform	bin/trimest	0		Remove poly-A tails from nucleotide sequences		http://www.ebi.ac.uk/Tools/emboss	http://emboss.sourceforge.net/apps/release/6.4/emboss/apps/trimest.html
agua	admin	emboss	6.4.0.0	/aguadev/apps/emboss	trimseq	transform	bin/trimseq	0		Remove unwanted characters from start and end of sequence(s)		http://www.ebi.ac.uk/Tools/emboss	http://emboss.sourceforge.net/apps/release/6.4/emboss/apps/trimseq.html
agua	admin	emboss	6.4.0.0	/aguadev/apps/emboss	trimspace	edit	bin/trimspace	0		Remove extra whitespace from an ASCII text file		http://www.ebi.ac.uk/Tools/emboss	http://emboss.sourceforge.net/apps/release/6.4/emboss/apps/trimspace.html
agua	admin	emboss	6.4.0.0	/aguadev/apps/emboss	twofeat	motif	bin/twofeat	0		Finds neighbouring pairs of features in sequence(s)		http://www.ebi.ac.uk/Tools/emboss	http://emboss.sourceforge.net/apps/release/6.4/emboss/apps/twofeat.html
agua	admin	emboss	6.4.0.0	/aguadev/apps/emboss	union	transform	bin/union	0		Concatenate multiple sequences into a single sequence		http://www.ebi.ac.uk/Tools/emboss	http://emboss.sourceforge.net/apps/release/6.4/emboss/apps/union.html
agua	admin	emboss	6.4.0.0	/aguadev/apps/emboss	urlget	database	bin/urlget	0		Get URLs of data resources		http://www.ebi.ac.uk/Tools/emboss	http://emboss.sourceforge.net/apps/release/6.4/emboss/apps/urlget.html
agua	admin	emboss	6.4.0.0	/aguadev/apps/emboss	vectorstrip	transform	bin/vectorstrip	0		Removes vectors from the ends of nucleotide sequence(s)		http://www.ebi.ac.uk/Tools/emboss	http://emboss.sourceforge.net/apps/release/6.4/emboss/apps/vectorstrip.html
agua	admin	emboss	6.4.0.0	/aguadev/apps/emboss	water	alignment	bin/water	0		Smith-Waterman local alignment of sequences		http://www.ebi.ac.uk/Tools/emboss	http://emboss.sourceforge.net/apps/release/6.4/emboss/apps/water.html
agua	admin	emboss	6.4.0.0	/aguadev/apps/emboss	whichdb	database	bin/whichdb	0		Search all sequence databases for an entry and retrieve it		http://www.ebi.ac.uk/Tools/emboss	http://emboss.sourceforge.net/apps/release/6.4/emboss/apps/whichdb.html
agua	admin	emboss	6.4.0.0	/aguadev/apps/emboss	wobble	codon	bin/wobble	0		Plot third base position variability in a nucleotide sequence		http://www.ebi.ac.uk/Tools/emboss	http://emboss.sourceforge.net/apps/release/6.4/emboss/apps/wobble.html
agua	admin	emboss	6.4.0.0	/aguadev/apps/emboss	wordcount	pattern	bin/wordcount	0		Count and extract unique words in molecular sequence(s)		http://www.ebi.ac.uk/Tools/emboss	http://emboss.sourceforge.net/apps/release/6.4/emboss/apps/wordcount.html
agua	admin	emboss	6.4.0.0	/aguadev/apps/emboss	wordfinder	alignment	bin/wordfinder	0		Match large sequences against one or more other sequences		http://www.ebi.ac.uk/Tools/emboss	http://emboss.sourceforge.net/apps/release/6.4/emboss/apps/wordfinder.html
agua	admin	emboss	6.4.0.0	/aguadev/apps/emboss	wordmatch	alignment	bin/wordmatch	0		Finds regions of identity (exact matches) of two sequences		http://www.ebi.ac.uk/Tools/emboss	http://emboss.sourceforge.net/apps/release/6.4/emboss/apps/wordmatch.html
agua	admin	emboss	6.4.0.0	/aguadev/apps/emboss	wossdata	EDAM	bin/wossdata	0		Finds programs by EDAM data		http://www.ebi.ac.uk/Tools/emboss	http://emboss.sourceforge.net/apps/release/6.4/emboss/apps/wossdata.html
agua	admin	emboss	6.4.0.0	/aguadev/apps/emboss	wossinput	EDAM	bin/wossinput	0		Finds programs by EDAM input data		http://www.ebi.ac.uk/Tools/emboss	http://emboss.sourceforge.net/apps/release/6.4/emboss/apps/wossinput.html
agua	admin	emboss	6.4.0.0	/aguadev/apps/emboss	wossname	application	bin/wossname	0		Finds programs by keywords in their short description		http://www.ebi.ac.uk/Tools/emboss	http://emboss.sourceforge.net/apps/release/6.4/emboss/apps/wossname.html
agua	admin	emboss	6.4.0.0	/aguadev/apps/emboss	wossoperation	EDAM	bin/wossoperation	0		Finds programs by EDAM operation		http://www.ebi.ac.uk/Tools/emboss	http://emboss.sourceforge.net/apps/release/6.4/emboss/apps/wossoperation.html
agua	admin	emboss	6.4.0.0	/aguadev/apps/emboss	wossoutput	EDAM	bin/wossoutput	0		Finds programs by EDAM output data		http://www.ebi.ac.uk/Tools/emboss	http://emboss.sourceforge.net/apps/release/6.4/emboss/apps/wossoutput.html
agua	admin	emboss	6.4.0.0	/aguadev/apps/emboss	wossparam	EDAM	bin/wossparam	0		Finds programs by EDAM parameter		http://www.ebi.ac.uk/Tools/emboss	http://emboss.sourceforge.net/apps/release/6.4/emboss/apps/wossparam.html
agua	admin	emboss	6.4.0.0	/aguadev/apps/emboss	wosstopic	EDAM	bin/wosstopic	0		Finds programs by EDAM topic		http://www.ebi.ac.uk/Tools/emboss	http://emboss.sourceforge.net/apps/release/6.4/emboss/apps/wosstopic.html
agua	admin	emboss	6.4.0.0	/aguadev/apps/emboss	yank	sequence	bin/yank	0		Add a sequence reference (a full USA) to a list file		http://www.ebi.ac.uk/Tools/emboss	http://emboss.sourceforge.net/apps/release/6.4/emboss/apps/yank.html
